query_id,query_text,query_type,gold_answer,hard_case_bucket,split,ambiguity_label,conflict_label,freshness_requirement_days,refusal_expected,num_evidence,context_city,context_state,notes
gg_3859c161,"What county contains the location (33.4418, -94.0377)?",boundary,"Bowie County, Texas",boundary_adjacent,dev,unambiguous,none,,True,1,Texarkana,Texas,City straddles TX-AR border. Distance to boundary: 45m.
gg_e2f92e12,"What county contains the location (39.1142, -94.6275)?",boundary,"Wyandotte County, Kansas",boundary_adjacent,dev,unambiguous,none,,False,1,Kansas City,Kansas,Near state line with Missouri. Distance to boundary: 120m.
gg_a8069f52,"What county contains the location (36.5951, -82.1887)?",boundary,"Sullivan County, Tennessee",boundary_adjacent,dev,unambiguous,none,,True,1,Bristol,Tennessee,State Street is the TN-VA dividing line. Distance to boundary: 30m.
gg_42d5beed,"What county contains the location (38.6244, -90.1534)?",boundary,"St. Clair County, Illinois",boundary_adjacent,test,unambiguous,none,,False,1,East St. Louis,Illinois,"Across Mississippi River from St. Louis, MO. Distance to boundary: 200m."
gg_9c9da921,"What county contains the location (31.3404, -110.9343)?",boundary,"Santa Cruz County, Arizona",boundary_adjacent,test,unambiguous,none,,False,1,Nogales,Arizona,On US-Mexico border. Distance to boundary: 80m.
gg_460e16bd,"What county contains the location (34.8526, -82.394)?",boundary,"Greenville County, South Carolina",boundary_adjacent,dev,unambiguous,none,,False,1,Greenville,South Carolina,Near Greenville-Pickens county line. Distance to boundary: 150m.
gg_7449d174,"What county contains the location (32.5522, -117.0432)?",boundary,"San Diego County, California",boundary_adjacent,dev,unambiguous,none,,False,1,South San Diego,California,Near US-Mexico border. Distance to boundary: 250m.
gg_c875f5f1,"What county contains the location (41.9032, -87.6403)?",boundary,"Cook County, Illinois",boundary_adjacent,dev,unambiguous,none,,False,1,North Chicago,Illinois,"Interior point, far from boundary. Distance to boundary: 500m."
gg_591a4150,"What county contains the location (39.9526, -75.1652)?",boundary,"Philadelphia County, Pennsylvania",boundary_adjacent,dev,unambiguous,none,,False,1,Central Philadelphia,Pennsylvania,Philadelphia County = City of Philadelphia. Distance to boundary: 350m.
gg_8ead93c1,"What county contains the location (31.7619, -106.485)?",boundary,"El Paso County, Texas",boundary_adjacent,test,unambiguous,none,,False,1,El Paso,Texas,Near TX-NM and US-Mexico borders. Distance to boundary: 100m.
gg_a5e334d9,"What county contains the location (40.7081, -73.9571)?",boundary,"Kings County, New York",boundary_adjacent,test,unambiguous,none,,False,1,Brooklyn,New York,Brooklyn = Kings County; near Queens. Distance to boundary: 85m.
gg_f60ecb91,"What county contains the location (40.7282, -73.7949)?",boundary,"Queens County, New York",boundary_adjacent,test,unambiguous,none,,False,1,Eastern Queens,New York,Queens = Queens County. Distance to boundary: 200m.
gg_937b238e,"What county contains the location (40.8448, -73.8648)?",boundary,"Bronx County, New York",boundary_adjacent,dev,unambiguous,none,,False,1,North Bronx,New York,Bronx = Bronx County. Distance to boundary: 150m.
gg_44b469be,"What county contains the location (40.6437, -74.0765)?",boundary,"Richmond County, New York",boundary_adjacent,dev,unambiguous,none,,False,1,Staten Island,New York,Staten Island = Richmond County. Distance to boundary: 300m.
gg_e39cdf05,"What county contains the location (40.7831, -73.9712)?",boundary,"New York County, New York",boundary_adjacent,dev,unambiguous,none,,False,1,Upper Manhattan,New York,Manhattan = New York County. Distance to boundary: 180m.
gg_f1c9e261,"What county contains the location (43.0962, -79.0377)?",boundary,"Niagara County, New York",boundary_adjacent,dev,unambiguous,none,,False,1,Niagara Falls,New York,On US-Canada border. Distance to boundary: 60m.
gg_c22ff257,"What county contains the location (42.3314, -83.0458)?",boundary,"Wayne County, Michigan",boundary_adjacent,dev,unambiguous,none,,False,1,Detroit,Michigan,"On Detroit River; Windsor, ON across. Distance to boundary: 150m."
gg_bd0c373d,"What county contains the location (48.9936, -122.7467)?",boundary,"Whatcom County, Washington",boundary_adjacent,dev,unambiguous,none,,True,1,Blaine,Washington,Peace Arch border crossing. Distance to boundary: 40m.
gg_8ca550ca,"What county contains the location (38.2542, -85.7594)?",boundary,"Jefferson County, Kentucky",boundary_adjacent,dev,unambiguous,none,,False,1,Louisville,Kentucky,On Ohio River; Indiana across. Distance to boundary: 180m.
gg_0eceadd8,"What county contains the location (39.1031, -84.512)?",boundary,"Hamilton County, Ohio",boundary_adjacent,dev,unambiguous,none,,False,1,Cincinnati,Ohio,On Ohio River; Kentucky across. Distance to boundary: 220m.
gg_3519690b,"What county contains the location (45.5152, -122.6784)?",boundary,"Multnomah County, Oregon",boundary_adjacent,dev,unambiguous,none,,False,1,Portland,Oregon,Columbia River = OR-WA border. Distance to boundary: 280m.
gg_dcb98e98,"What county contains the location (45.6387, -122.6615)?",boundary,"Clark County, Washington",boundary_adjacent,test,unambiguous,none,,False,1,Vancouver,Washington,"Across from Portland, OR. Distance to boundary: 250m."
gg_0e5fc4a1,"What county contains the location (39.7391, -75.5398)?",boundary,"New Castle County, Delaware",boundary_adjacent,dev,unambiguous,none,,False,1,Wilmington,Delaware,"Near PA, NJ, MD borders. Distance to boundary: 130m."
gg_d4a12875,"What county contains the location (40.7357, -74.1724)?",boundary,"Essex County, New Jersey",boundary_adjacent,dev,unambiguous,none,,False,1,Newark,New Jersey,Near NY border. Distance to boundary: 320m.
gg_5bd0766c,"What county contains the location (39.9259, -75.1196)?",boundary,"Camden County, New Jersey",boundary_adjacent,test,unambiguous,none,,False,1,Camden,New Jersey,Across Delaware River from Philadelphia. Distance to boundary: 90m.
gg_8fd91a35,"What county contains the location (27.5064, -99.5075)?",boundary,"Webb County, Texas",boundary_adjacent,test,unambiguous,none,,False,1,Laredo,Texas,On US-Mexico border. Distance to boundary: 70m.
gg_ea5c30e4,"What county contains the location (25.9017, -97.4975)?",boundary,"Cameron County, Texas",boundary_adjacent,dev,unambiguous,none,,False,1,Brownsville,Texas,Southernmost county in Texas. Distance to boundary: 55m.
gg_9097c960,"What county contains the location (32.6789, -115.4989)?",boundary,"Imperial County, California",boundary_adjacent,dev,unambiguous,none,,True,1,Calexico,California,"Sister city to Mexicali, Mexico. Distance to boundary: 45m."
gg_f8254ed2,"What county contains the location (32.5422, -117.0431)?",boundary,"San Diego County, California",boundary_adjacent,test,unambiguous,none,,True,1,San Ysidro,California,Busiest land border crossing. Distance to boundary: 35m.
gg_c0947c60,"What county contains the location (32.6927, -114.6277)?",boundary,"Yuma County, Arizona",boundary_adjacent,dev,unambiguous,none,,False,1,Yuma,Arizona,Near CA border and Mexico. Distance to boundary: 95m.
gg_4fc894a9,"What county contains the location (39.5296, -119.8138)?",boundary,"Washoe County, Nevada",boundary_adjacent,test,unambiguous,none,,False,1,Reno,Nevada,Near CA border; Lake Tahoe area. Distance to boundary: 180m.
gg_2a0c01ef,"What county contains the location (46.8772, -96.7898)?",boundary,"Cass County, North Dakota",boundary_adjacent,dev,unambiguous,none,,False,1,Fargo,North Dakota,Red River = ND-MN border. Distance to boundary: 110m.
gg_a379cf45,"What county contains the location (41.0534, -73.5387)?",boundary,"Fairfield County, Connecticut",boundary_adjacent,test,unambiguous,none,,False,1,Stamford,Connecticut,Near NY border. Distance to boundary: 160m.
gg_5716cc11,"What county contains the location (40.7795, -74.0324)?",boundary,"Hudson County, New Jersey",boundary_adjacent,dev,unambiguous,none,,False,1,Union City,New Jersey,Across Hudson River from Manhattan. Distance to boundary: 200m.
gg_a1173dbd,"What county contains the location (38.6554, -90.3009)?",boundary,"St. Louis City, Missouri",boundary_adjacent,dev,unambiguous,none,,False,1,St. Louis,Missouri,Independent city; not in St. Louis County. Distance to boundary: 75m.
gg_dfdb4c95,"What county contains the location (40.2206, -74.7597)?",boundary,"Mercer County, New Jersey",boundary_adjacent,dev,unambiguous,none,,False,1,Trenton,New Jersey,On Delaware River; PA across. Distance to boundary: 140m.
gg_bab50afe,"What county contains the location (41.5934, -87.3464)?",boundary,"Lake County, Indiana",boundary_adjacent,test,unambiguous,none,,False,1,Gary,Indiana,Near IL border and Lake Michigan. Distance to boundary: 230m.
gg_e0b2acc5,"What county contains the location (40.769, -74.0146)?",boundary,"Hudson County, New Jersey",boundary_adjacent,dev,unambiguous,none,,False,1,Weehawken,New Jersey,Directly across from Manhattan. Distance to boundary: 85m.
gg_e17af4a0,"What county contains the location (42.3118, -83.0756)?",boundary,"Wayne County, Michigan",boundary_adjacent,dev,unambiguous,none,,False,1,SW Detroit,Michigan,Near Ambassador Bridge to Canada. Distance to boundary: 120m.
gg_af35163a,"What county contains the location (33.4255, -111.94)?",boundary,"Maricopa County, Arizona",boundary_adjacent,dev,unambiguous,none,,False,1,Tempe,Arizona,Interior point in Phoenix metro. Distance to boundary: 400m.
gg_3a43510a,What county is Springfield in?,place_disambiguation,"NEEDS CLARIFICATION: 'Springfield' has 34 matches in GNIS. Which Springfield? Please specify state (e.g., IL, MA, MO, OH, OR).",ambiguous_name,dev,needs_clarification,none,,True,1,Springfield,,Most common US city name; exists in 34 states
gg_78c404ae,What county is Franklin in?,place_disambiguation,"NEEDS CLARIFICATION: 'Franklin' has 31 matches in GNIS. Which Franklin? Please specify state (e.g., TN, IN, MA, WI, OH).",ambiguous_name,dev,needs_clarification,none,,True,1,Franklin,,Named after Benjamin Franklin; 31 states
gg_3f57deb8,What is the population of Washington?,place_disambiguation,"NEEDS CLARIFICATION: 'Washington' has 88 matches in GNIS. Which Washington? State, DC, or city? Please specify.",ambiguous_name,dev,needs_clarification,none,,True,1,Washington,,"Most ambiguous: state, DC, 88+ cities/townships"
gg_9140e390,What county is Clinton in?,place_disambiguation,"NEEDS CLARIFICATION: 'Clinton' has 29 matches in GNIS. Which Clinton? Please specify state (e.g., IA, MS, MD, MA, SC).",ambiguous_name,dev,needs_clarification,none,,True,1,Clinton,,Named after various Clintons in US history
gg_33c53ec4,Where is Madison located?,place_disambiguation,"NEEDS CLARIFICATION: 'Madison' has 27 matches in GNIS. Which Madison? Please specify state (e.g., WI, AL, MS, IN, NJ).",ambiguous_name,test,needs_clarification,none,,True,1,Madison,,Named after President James Madison
gg_17b6d035,What county is Georgetown in?,place_disambiguation,"NEEDS CLARIFICATION: 'Georgetown' has 25 matches in GNIS. Which Georgetown? Please specify state (e.g., TX, KY, SC, DE, CO).",ambiguous_name,dev,needs_clarification,none,,True,1,Georgetown,,Also a DC neighborhood (different feature class)
gg_bea18f11,What is Salem known for?,place_disambiguation,"NEEDS CLARIFICATION: 'Salem' has 26 matches in GNIS. Which Salem? Please specify state (e.g., OR, MA, VA, NH, OH).",ambiguous_name,dev,needs_clarification,none,,True,1,Salem,,Oregon capital; Massachusetts witch trials city
gg_1d6c98ca,What county is Fairview in?,place_disambiguation,"NEEDS CLARIFICATION: 'Fairview' has 35 matches in GNIS. Which Fairview? Please specify state (e.g., TX, TN, OR, NJ, PA).",ambiguous_name,test,needs_clarification,none,,True,1,Fairview,,One of the most common US place names
gg_84100edd,What state is Manchester in?,place_disambiguation,"NEEDS CLARIFICATION: 'Manchester' has 22 matches in GNIS. Which Manchester? Please specify state (e.g., NH, CT, TN, MO, VT).",ambiguous_name,test,needs_clarification,none,,True,1,Manchester,,Largest city in New Hampshire
gg_76827701,What county is Bristol in?,place_disambiguation,"NEEDS CLARIFICATION: 'Bristol' has 21 matches in GNIS. Which Bristol? Please specify state (e.g., CT, TN, VA, PA, RI).",ambiguous_name,dev,needs_clarification,none,,True,1,Bristol,,Bristol TN/VA are twin cities on state line
gg_76af4e38,What is Arlington famous for?,place_disambiguation,"NEEDS CLARIFICATION: 'Arlington' has 18 matches in GNIS. Which Arlington? TX (AT&T Stadium), VA (Pentagon), or other state?",ambiguous_name,test,needs_clarification,none,,True,1,Arlington,,"TX city vs VA county (Pentagon, National Cemetery)"
gg_8610a9f2,What county is Richmond in?,place_disambiguation,"NEEDS CLARIFICATION: 'Richmond' has 19 matches in GNIS. Which Richmond? Please specify state (e.g., VA, CA, IN, KY, TX).",ambiguous_name,dev,needs_clarification,none,,True,1,Richmond,,Virginia capital; Staten Island = Richmond County NY
gg_1f9c29ac,What is Portland known for?,place_disambiguation,"NEEDS CLARIFICATION: 'Portland' has 21 matches in GNIS. Which Portland? OR (largest) or ME, or another state?",ambiguous_name,dev,needs_clarification,none,,True,1,Portland,,Oregon vs Maine confusion is common
gg_8853747a,What is the population of Columbia?,place_disambiguation,"NEEDS CLARIFICATION: 'Columbia' has 24 matches in GNIS. Which Columbia? Please specify state (e.g., SC, MO, MD, TN, PA).",ambiguous_name,dev,needs_clarification,none,,True,1,Columbia,,South Carolina capital; DC also uses Columbia
gg_316d56f9,What county is Chester in?,place_disambiguation,"NEEDS CLARIFICATION: 'Chester' has 20 matches in GNIS. Which Chester? Please specify state (e.g., PA, VA, SC, NY, CT).",ambiguous_name,dev,needs_clarification,none,,True,1,Chester,,Chester PA is oldest city in Pennsylvania
gg_1f8969c2,What is Auburn known for?,place_disambiguation,"NEEDS CLARIFICATION: 'Auburn' has 23 matches in GNIS. Which Auburn? AL (university), WA, NY, CA, or ME?",ambiguous_name,dev,needs_clarification,none,,True,1,Auburn,,Auburn University is in Alabama
gg_74146117,What county is Riverside in?,place_disambiguation,"NEEDS CLARIFICATION: 'Riverside' has 24 matches in GNIS. Which Riverside? Please specify state (e.g., CA, OH, NJ, IL, MO).",ambiguous_name,dev,needs_clarification,none,,True,1,Riverside,,California city is the largest
gg_3f4f5c92,What is the population of Greenville?,place_disambiguation,"NEEDS CLARIFICATION: 'Greenville' has 28 matches in GNIS. Which Greenville? Please specify state (e.g., SC, NC, MS, TX, OH).",ambiguous_name,dev,needs_clarification,none,,True,1,Greenville,,Multiple large cities with this name
gg_de87b524,What county is Jacksonville in?,place_disambiguation,"NEEDS CLARIFICATION: 'Jacksonville' has 21 matches in GNIS. Which Jacksonville? Please specify state (e.g., FL, NC, IL, TX, AR).",ambiguous_name,dev,needs_clarification,none,,True,1,Jacksonville,,FL city is largest by area in contiguous US
gg_e12f4c69,What is Newport famous for?,place_disambiguation,"NEEDS CLARIFICATION: 'Newport' has 22 matches in GNIS. Which Newport? RI (mansions/jazz), KY, OR, or other state?",ambiguous_name,dev,needs_clarification,none,,True,1,Newport,,Rhode Island Newport famous for Gilded Age mansions
gg_ea0cd559,What county is Oxford in?,place_disambiguation,"NEEDS CLARIFICATION: 'Oxford' has 20 matches in GNIS. Which Oxford? Please specify state (e.g., MS, OH, AL, NC, PA).",ambiguous_name,test,needs_clarification,none,,True,1,Oxford,,Multiple college towns with this name
gg_6afe4d4e,What state is Burlington in?,place_disambiguation,"NEEDS CLARIFICATION: 'Burlington' has 18 matches in GNIS. Which Burlington? Please specify state (e.g., VT, NC, NJ, IA, WA).",ambiguous_name,dev,needs_clarification,none,,True,1,Burlington,,Vermont Burlington is largest city in VT
gg_feb31e9c,What county is Troy in?,place_disambiguation,"NEEDS CLARIFICATION: 'Troy' has 19 matches in GNIS. Which Troy? Please specify state (e.g., MI, NY, OH, AL, MO).",ambiguous_name,test,needs_clarification,none,,True,1,Troy,,Multiple significant cities
gg_9d5551b6,What is Lancaster famous for?,place_disambiguation,"NEEDS CLARIFICATION: 'Lancaster' has 17 matches in GNIS. Which Lancaster? PA (Amish), CA, OH, TX, or SC?",ambiguous_name,dev,needs_clarification,none,,True,1,Lancaster,,Pennsylvania city known for Amish community
gg_a1104b2c,What is Dover known for?,place_disambiguation,"NEEDS CLARIFICATION: 'Dover' has 18 matches in GNIS. Which Dover? DE (state capital), NH, NJ, OH, or PA?",ambiguous_name,dev,needs_clarification,none,,True,1,Dover,,Delaware state capital
gg_4aca5a8d,What county is Monroe in?,place_disambiguation,"NEEDS CLARIFICATION: 'Monroe' has 21 matches in GNIS. Which Monroe? Please specify state (e.g., LA, MI, NC, WA, GA).",ambiguous_name,dev,needs_clarification,none,,True,1,Monroe,,Named after President James Monroe
gg_d7ec8423,What state is Florence in?,place_disambiguation,"NEEDS CLARIFICATION: 'Florence' has 17 matches in GNIS. Which Florence? Please specify state (e.g., SC, AL, KY, AZ, OR).",ambiguous_name,test,needs_clarification,none,,True,1,Florence,,Multiple significant cities in different regions
gg_22bc74fe,What is Jackson the capital of?,place_disambiguation,"NEEDS CLARIFICATION: 'Jackson' has 22 matches in GNIS. Which Jackson? MS (state capital), TN, MI, WY, or CA?",ambiguous_name,dev,needs_clarification,none,,True,1,Jackson,,Mississippi capital; Wyoming resort town
gg_81e50dcc,What county is Lexington in?,place_disambiguation,"NEEDS CLARIFICATION: 'Lexington' has 19 matches in GNIS. Which Lexington? KY (largest), MA (Revolutionary War), or other state?",ambiguous_name,test,needs_clarification,none,,True,1,Lexington,,Kentucky city and Revolutionary War site (MA)
gg_9f0fee6c,What is the population of Marion?,place_disambiguation,"NEEDS CLARIFICATION: 'Marion' has 20 matches in GNIS. Which Marion? Please specify state (e.g., OH, IN, IL, IA, SC).",ambiguous_name,dev,needs_clarification,none,,True,1,Marion,,Named after Francis Marion 'Swamp Fox'
gg_919e19d5,What is Canton famous for?,place_disambiguation,"NEEDS CLARIFICATION: 'Canton' has 17 matches in GNIS. Which Canton? OH (Pro Football Hall of Fame), GA, MI, MS, or MA?",ambiguous_name,test,needs_clarification,none,,True,1,Canton,,Ohio city has Pro Football Hall of Fame
gg_83929e8a,What county is Clayton in?,place_disambiguation,"NEEDS CLARIFICATION: 'Clayton' has 16 matches in GNIS. Which Clayton? Please specify state (e.g., MO, NC, CA, NJ, GA).",ambiguous_name,dev,needs_clarification,none,,True,1,Clayton,,Missouri Clayton is St. Louis County seat
gg_5f5d3b9d,What is Dayton known for?,place_disambiguation,"NEEDS CLARIFICATION: 'Dayton' has 15 matches in GNIS. Which Dayton? OH (Wright Brothers), TX, TN, NV, or WA?",ambiguous_name,test,needs_clarification,none,,True,1,Dayton,,"Ohio Dayton: Wright Brothers, aviation history"
gg_df5a5320,What county is Fayette in?,place_disambiguation,"NEEDS CLARIFICATION: 'Fayette' has 14 matches in GNIS. Which Fayette? Please specify state (e.g., AL, MO, MS, IA, ME).",ambiguous_name,dev,needs_clarification,none,,True,1,Fayette,,Named after Marquis de Lafayette
gg_8b1ad58e,What is the population of Henderson?,place_disambiguation,"NEEDS CLARIFICATION: 'Henderson' has 16 matches in GNIS. Which Henderson? NV (Las Vegas suburb), KY, NC, TX, or TN?",ambiguous_name,test,needs_clarification,none,,True,1,Henderson,,Nevada Henderson is large Las Vegas suburb
gg_75b8b0b3,What county is Hanover in?,place_disambiguation,"NEEDS CLARIFICATION: 'Hanover' has 15 matches in GNIS. Which Hanover? PA, NH (Dartmouth), MA, MD, or VA?",ambiguous_name,dev,needs_clarification,none,,True,1,Hanover,,New Hampshire Hanover is home to Dartmouth College
gg_e7eecd23,What is Midland known for?,place_disambiguation,"NEEDS CLARIFICATION: 'Midland' has 14 matches in GNIS. Which Midland? TX (oil industry), MI (Dow Chemical), or other state?",ambiguous_name,dev,needs_clarification,none,,True,1,Midland,,Texas Midland: oil industry; Michigan Midland: Dow Chemical HQ
gg_5d47a784,"What district is this location (40.7128, -74.0060) in?",jurisdiction,"INTENT UNDERSPECIFIED. Which type of district? (congressional, state senate, state assembly, city council, school, community board) Stable facts: county=New York County, city=New York City, status=inc...",overlapping_jurisdiction,dev,multi_valid,none,,False,2,Lower Manhattan,,Subtype: which_district. NYC has 6+ district types; intent is underspecified
gg_6b0e5368,"Who represents the location (34.0522, -118.2437)?",jurisdiction,"INTENT UNDERSPECIFIED. Which representative? (US Congress, State Senate, State Assembly, City Council, County Supervisor, School Board) Stable facts: county=Los Angeles County, city=Los Angeles, statu...",overlapping_jurisdiction,dev,multi_valid,none,,False,2,Downtown Los Angeles,,"Subtype: which_representative. LA has city, county, state, and federal representatives"
gg_e7b3592c,"What district is the location (41.8781, -87.6298) in?",jurisdiction,"INTENT UNDERSPECIFIED. Which type of district? (congressional, state senate, state house, aldermanic ward, school) Stable facts: county=Cook County, city=Chicago, status=incorporated.",overlapping_jurisdiction,test,multi_valid,none,,False,2,Downtown Chicago,,Subtype: which_district. Chicago uses aldermanic wards for city council
gg_de8d8122,"What district is the location (29.7604, -95.3698) in?",jurisdiction,"INTENT UNDERSPECIFIED. Which type of district? (congressional, state senate, state house, city council, commissioner precinct, school) Stable facts: county=Harris County, city=Houston, status=incorpor...",overlapping_jurisdiction,dev,multi_valid,none,,False,2,Downtown Houston,,Subtype: which_district. Texas has commissioner precincts at county level
gg_f853429c,"Who represents this location (33.4484, -112.0740)?",jurisdiction,"INTENT UNDERSPECIFIED. Which representative? (US Congress, State Legislature, City Council, County Supervisor, School Board) Stable facts: county=Maricopa County, city=Phoenix, status=incorporated.",overlapping_jurisdiction,dev,multi_valid,none,,False,2,Downtown Phoenix,,Subtype: which_representative. Arizona uses combined Legislative Districts
gg_98016ce0,"What city is Marina del Rey (33.9425, -118.4081) in?",jurisdiction,"INTENT UNDERSPECIFIED. Marina del Rey is unincorporated LA County, not within any city. County provides municipal services. Stable facts: county=Los Angeles County, city=NONE (unincorporated), status=...",overlapping_jurisdiction,dev,multi_valid,none,,False,2,Marina del Rey,,Subtype: which_authority. Common misconception - not part of LA city
gg_3c0ac023,"What city is the Las Vegas Strip (36.1147, -115.1728) in?",jurisdiction,"INTENT UNDERSPECIFIED. The Las Vegas Strip is NOT in Las Vegas city. It is in unincorporated Paradise, Clark County. Stable facts: county=Clark County, city=NONE (unincorporated - Paradise CDP), statu...",overlapping_jurisdiction,test,multi_valid,none,,False,2,Paradise,,Subtype: which_authority. Famous misconception - the Strip is not in Las Vegas city
gg_358d7bd5,"What jurisdiction handles building permits near (33.6846, -117.8265)?",jurisdiction,"INTENT UNDERSPECIFIED. Within Irvine city limits, the City handles permits. In unincorporated areas, Orange County handles permits. Stable facts: county=Orange County, city=Irvine, status=incorporated...",overlapping_jurisdiction,dev,multi_valid,none,,False,2,Irvine area,,Subtype: which_authority. Permit authority depends on incorporation
gg_8201d4ad,"What county handles zoning for Miami Beach (25.7617, -80.1918)?",jurisdiction,"INTENT UNDERSPECIFIED. Miami Beach is an incorporated city (separate from Miami). The City of Miami Beach handles zoning, not the county. Stable facts: county=Miami-Dade County, city=Miami Beach, stat...",overlapping_jurisdiction,test,multi_valid,none,,False,2,Miami Beach,,Subtype: which_authority. Miami Beach is separate from Miami city
gg_1a97318b,"What county is San Francisco (37.7749, -122.4194) in?",jurisdiction,"INTENT UNDERSPECIFIED. San Francisco is a consolidated city-county. City and county are the same jurisdiction. Stable facts: county=San Francisco County, city=San Francisco, status=consolidated_city_c...",overlapping_jurisdiction,dev,multi_valid,none,,False,2,San Francisco,,Subtype: consolidated. Consolidated city-county since 1856
gg_75359e54,"What county is Denver (39.7392, -104.9903) in?",jurisdiction,"INTENT UNDERSPECIFIED. Denver is a consolidated city-county. Denver County and City of Denver are the same jurisdiction. Stable facts: county=Denver County, city=Denver, status=consolidated_city_count...",overlapping_jurisdiction,dev,multi_valid,none,,False,2,Denver,,Subtype: consolidated. Consolidated city-county
gg_2a5c9841,"What county is Louisville (38.2527, -85.7585) in?",jurisdiction,"INTENT UNDERSPECIFIED. Louisville and Jefferson County merged in 2003 to form Louisville Metro. They are the same jurisdiction. Stable facts: county=Jefferson County, city=Louisville Metro, status=con...",overlapping_jurisdiction,dev,multi_valid,none,,False,2,Louisville,,Subtype: consolidated. Merged city-county since 2003
gg_2585ac28,"What county is Nashville (36.1627, -86.7816) in?",jurisdiction,"INTENT UNDERSPECIFIED. Nashville and Davidson County merged in 1963. They are the same jurisdiction (Metro Nashville). Stable facts: county=Davidson County, city=Nashville (Metropolitan Government), s...",overlapping_jurisdiction,dev,multi_valid,none,,False,2,Nashville,,Subtype: consolidated. Merged city-county since 1963
gg_22be29a2,"What county is Jacksonville (30.3322, -81.6557) in?",jurisdiction,"INTENT UNDERSPECIFIED. Jacksonville and Duval County consolidated in 1968. Some small municipalities remain separate. Stable facts: county=Duval County, city=Jacksonville, status=consolidated_city_cou...",overlapping_jurisdiction,test,multi_valid,none,,False,2,Jacksonville,,Subtype: consolidated. Consolidated since 1968; some exceptions
gg_68c92fc3,"What county is Baltimore (39.2904, -76.6122) in?",jurisdiction,"INTENT UNDERSPECIFIED. Baltimore City is an independent city, NOT part of Baltimore County. They are completely separate jurisdictions. Stable facts: county=Baltimore City (independent), city=Baltimor...",overlapping_jurisdiction,test,multi_valid,none,,False,2,Baltimore,,Subtype: independent_city. Maryland independent city
gg_60b8e9b7,"What county is Virginia Beach (36.8529, -75.9780) in?",jurisdiction,"INTENT UNDERSPECIFIED. Virginia Beach is an independent city in Virginia, not part of any county. Stable facts: county=Virginia Beach (independent city), city=Virginia Beach, status=independent_city.",overlapping_jurisdiction,test,multi_valid,none,,False,2,Virginia Beach,,Subtype: independent_city. Virginia independent city system
gg_2784bd69,"What county is Richmond, VA (37.5407, -77.4360) in?",jurisdiction,"INTENT UNDERSPECIFIED. Richmond is an independent city, not part of any county. Henrico and Chesterfield Counties surround it. Stable facts: county=Richmond City (independent), city=Richmond, status=i...",overlapping_jurisdiction,dev,multi_valid,none,,False,2,Richmond,,Subtype: independent_city. Virginia capital is independent city
gg_8839792c,"What county is Norfolk (36.8468, -76.2852) in?",jurisdiction,"INTENT UNDERSPECIFIED. Norfolk is an independent city in Virginia, not part of any county. Stable facts: county=Norfolk (independent city), city=Norfolk, status=independent_city.",overlapping_jurisdiction,test,multi_valid,none,,False,2,Norfolk,,Subtype: independent_city. Virginia independent city; naval base
gg_217acd38,"Who do I contact about a noise complaint at (38.9072, -77.0369)?",jurisdiction,"INTENT UNDERSPECIFIED. In DC, noise complaints go to DCRA or MPD depending on type. DC is a federal district with unique governance. Stable facts: county=District of Columbia, city=Washington, status=...",overlapping_jurisdiction,dev,multi_valid,none,,False,2,Washington,,Subtype: which_authority. DC has unique federal district status
gg_37bf51aa,"What jurisdiction handles parking tickets at (42.3601, -71.0589)?",jurisdiction,"INTENT UNDERSPECIFIED. Parking in Boston is handled by the City of Boston Transportation Department, not Suffolk County. Stable facts: county=Suffolk County, city=Boston, status=incorporated.",overlapping_jurisdiction,dev,multi_valid,none,,False,2,Boston,,Subtype: which_authority. City handles parking within city limits
gg_414deb8f,"What school district serves (47.6062, -122.3321)?",jurisdiction,"INTENT UNDERSPECIFIED. Seattle Public Schools serves this location. Note: school district boundaries often differ from city limits. Stable facts: county=King County, city=Seattle, status=incorporated.",overlapping_jurisdiction,dev,multi_valid,none,,False,2,Seattle,,Subtype: which_authority. School districts have own boundaries
gg_cd141a5d,"What fire district covers (37.3382, -121.8863)?",jurisdiction,"INTENT UNDERSPECIFIED. Within San Jose city limits, San Jose Fire Department responds. Outside city, various fire protection districts serve. Stable facts: county=Santa Clara County, city=San Jose, st...",overlapping_jurisdiction,test,multi_valid,none,,False,2,San Jose,,Subtype: which_authority. Fire service depends on incorporation
gg_d6121dd2,"What district handles trash collection at (32.7157, -117.1611)?",jurisdiction,"INTENT UNDERSPECIFIED. Within San Diego city, the city handles residential trash. Unincorporated areas use private haulers or county. Stable facts: county=San Diego County, city=San Diego, status=inco...",overlapping_jurisdiction,dev,multi_valid,none,,False,2,San Diego,,Subtype: which_authority. Service depends on incorporation
gg_dd9da984,"What county is Columbus (39.9612, -82.9988) in?",jurisdiction,"INTENT UNDERSPECIFIED. Columbus spans 3 counties. This coordinate is in Franklin County, but parts of Columbus are in Delaware and Fairfield Counties. Stable facts: county=Franklin County, city=Columb...",overlapping_jurisdiction,test,multi_valid,none,,False,2,Columbus,,Subtype: multi_county. City spans multiple counties
gg_d5f11e7c,"What county is Austin (30.2672, -97.7431) in?",jurisdiction,"INTENT UNDERSPECIFIED. Austin spans Travis and Williamson Counties. This coordinate is in Travis County. Stable facts: county=Travis County, city=Austin, status=incorporated.",overlapping_jurisdiction,dev,multi_valid,none,,False,2,Austin,,Subtype: multi_county. City spans two counties
gg_5612439d,"What county is Atlanta (33.7490, -84.3880) in?",jurisdiction,"INTENT UNDERSPECIFIED. Atlanta spans Fulton and DeKalb Counties. This coordinate is in Fulton County. Stable facts: county=Fulton County, city=Atlanta, status=incorporated.",overlapping_jurisdiction,dev,multi_valid,none,,False,2,Atlanta,,Subtype: multi_county. City spans two counties; different school systems
gg_ebc91985,"What district is Charlotte (35.2271, -80.8431) in?",jurisdiction,"INTENT UNDERSPECIFIED. Which district type? (congressional, state senate, state house, city council, school, county commission) Stable facts: county=Mecklenburg County, city=Charlotte, status=incorpor...",overlapping_jurisdiction,dev,multi_valid,none,,False,2,Charlotte,,Subtype: which_district. Charlotte-Mecklenburg Schools serve both city and county
gg_f761987f,"What district handles land use planning at (45.5152, -122.6784)?",jurisdiction,"INTENT UNDERSPECIFIED. Portland has Metro (regional government) for regional land use, plus city for local zoning. Which level? Stable facts: county=Multnomah County, city=Portland, status=incorporate...",overlapping_jurisdiction,test,multi_valid,none,,False,2,Portland,,Subtype: which_authority. Portland Metro is unique regional government
gg_83033108,"What jurisdiction handles parks at (44.9778, -93.2650)?",jurisdiction,"INTENT UNDERSPECIFIED. Minneapolis has an independently elected Park Board (separate from city council) that manages city parks. Stable facts: county=Hennepin County, city=Minneapolis, status=incorpor...",overlapping_jurisdiction,dev,multi_valid,none,,False,2,Minneapolis,,Subtype: which_authority. Minneapolis Park Board is separately elected
gg_6ef33cb6,"What state is Kansas City (39.0997, -94.5786) in?",jurisdiction,"INTENT UNDERSPECIFIED. There are two Kansas Cities: this coordinate is Kansas City, Missouri. Kansas City, Kansas is a separate city in Wyandotte County, KS. Stable facts: county=Jackson County, city=...",overlapping_jurisdiction,dev,multi_valid,none,,False,2,Kansas City,,Subtype: multi_jurisdiction. Two cities with same name in different states
gg_c72e998a,"Who is the mayor of Las Vegas for location (36.1699, -115.1398)?",jurisdiction,"INTENT UNDERSPECIFIED. This coordinate IS within Las Vegas city limits, so there is a mayor. Many famous Las Vegas locations are unincorporated Clark County with no city mayor. Stable facts: county=Cl...",overlapping_jurisdiction,dev,multi_valid,none,,False,2,Las Vegas,,"Subtype: which_authority. Inside city limits, unlike the Strip"
gg_899cb77d,"What district handles property tax appeals at (40.4406, -79.9959)?",jurisdiction,"INTENT UNDERSPECIFIED. Property tax assessment/appeals in PA are handled at county level (Allegheny County), not by the city. Stable facts: county=Allegheny County, city=Pittsburgh, status=incorporate...",overlapping_jurisdiction,test,multi_valid,none,,False,2,Pittsburgh,,Subtype: which_authority. PA property taxes are county-level
gg_5bf9ed0b,"What district is San Antonio (29.4241, -98.4936) in?",jurisdiction,"INTENT UNDERSPECIFIED. Which district type? San Antonio has congressional, state senate, state house, city council, commissioner precincts, and 15+ school districts. Stable facts: county=Bexar County,...",overlapping_jurisdiction,dev,multi_valid,none,,False,2,San Antonio,,Subtype: which_district. San Antonio has many independent school districts
gg_1fd554b7,"Who do I contact about code violations at (32.7767, -96.7970)?",jurisdiction,"INTENT UNDERSPECIFIED. Within Dallas city limits, code violations are handled by City of Dallas Code Compliance, not Dallas County. Stable facts: county=Dallas County, city=Dallas, status=incorporated...",overlapping_jurisdiction,dev,multi_valid,none,,False,2,Dallas,,Subtype: which_authority. City handles code enforcement within limits
gg_679ad242,"What school district serves Memphis (35.1495, -90.0490)?",jurisdiction,"INTENT UNDERSPECIFIED. Memphis City Schools merged with Shelby County Schools in 2013. Now served by Shelby County Schools, though some suburbs have separate districts. Stable facts: county=Shelby Cou...",overlapping_jurisdiction,dev,multi_valid,none,,False,2,Memphis,,Subtype: which_authority. School district merger in 2013
gg_da155673,"What district handles water service at (42.3314, -83.0458)?",jurisdiction,"INTENT UNDERSPECIFIED. Detroit water is managed by DWSD (local) and GLWA (regional). GLWA serves suburban customers; DWSD serves Detroit directly. Stable facts: county=Wayne County, city=Detroit, stat...",overlapping_jurisdiction,dev,multi_valid,none,,False,2,Detroit,,Subtype: which_authority. Regional water authority structure
gg_d8fb71b0,What are the hours of the Brooklyn Atlantic Center DMV?,temporal,As of 2025-12-15: Brooklyn Atlantic Center DMV hours are Mon-Fri 8:00 AM - 5:00 PM. Verify at dmv.ny.gov.,stale_fact,dev,unambiguous,none,30,False,1,Brooklyn,NY,Type: dmv. Info: hours. Subtype: fresh_available. Specific office with known hours
gg_d1507a8c,What are the hours of the Los Angeles Culver City DMV?,temporal,"As of 2025-12-15: Culver City DMV hours are Mon-Tue-Thu-Fri 8 AM - 5 PM, Wed 9 AM - 5 PM. Verify at dmv.ca.gov.",stale_fact,dev,unambiguous,none,30,False,1,Culver City,CA,Type: dmv. Info: hours. Subtype: fresh_available. Specific CA DMV office
gg_556d9454,Does the Chicago Loop Secretary of State facility require appointments?,temporal,As of 2025-12-15: Chicago Loop facility accepts walk-ins. Appointments recommended but not required. Verify at ilsos.gov.,stale_fact,dev,unambiguous,none,30,False,1,Chicago,IL,Type: dmv. Info: policy. Subtype: stale_only. Only stale source - should include caveat
gg_3fa05915,What are the hours of the San Francisco DMV on Fell Street?,temporal,"As of 2025-12-15: SF Fell Street DMV hours are Mon-Tue-Thu-Fri 8 AM - 5 PM, Wed 9 AM - 5 PM. Verify at dmv.ca.gov.",stale_fact,dev,unambiguous,none,30,False,2,San Francisco,CA,Type: dmv. Info: hours. Subtype: fresh_and_stale. Two sources - should prefer the fresh official one
gg_9c02bca3,What are the hours of San Francisco City Hall?,temporal,As of 2025-12-15: SF City Hall is open Mon-Fri 8 AM - 8 PM. Individual offices may have different hours. Verify at sf.gov.,stale_fact,dev,unambiguous,none,30,False,1,San Francisco,CA,Type: city_hall. Info: hours. Subtype: fresh_available. Official city website
gg_87e22d3f,What are the hours of Boston City Hall?,temporal,As of 2025-12-15: Boston City Hall hours are Mon-Fri 9 AM - 5 PM. Some services require appointments. Verify at boston.gov.,stale_fact,test,unambiguous,none,30,False,1,Boston,MA,Type: city_hall. Info: hours. Subtype: fresh_available. Government Center location
gg_e837104a,What is the phone number for Philadelphia City Hall?,temporal,As of 2025-12-15: Philadelphia main city number is 311 (local) or (215) 686-8686. Specific departments have separate numbers.,stale_fact,test,unambiguous,none,90,False,1,Philadelphia,PA,Type: city_hall. Info: phone. Subtype: fresh_available. 311 is standard city services number
gg_88e38576,What are the hours of the Cook County Clerk main office in Chicago?,temporal,As of 2025-12-15: Cook County Clerk (69 W Washington) hours are Mon-Fri 9 AM - 5 PM. Verify at cookcountyclerk.com.,stale_fact,test,unambiguous,none,30,False,1,Chicago,IL,Type: county_clerk. Info: hours. Subtype: fresh_available. Specific location (main office)
gg_a7ab5498,What are the hours of the LA County Registrar-Recorder office in Norwalk?,temporal,As of 2025-12-15: LA County Registrar Norwalk HQ hours are Mon-Fri 8 AM - 5 PM. Verify at lavote.gov.,stale_fact,dev,unambiguous,none,30,False,2,Norwalk,CA,Type: county_clerk. Info: hours. Subtype: fresh_and_stale. Two sources - prefer official
gg_147a6811,What is the address of the San Francisco Passport Agency?,temporal,"As of 2025-12-15: SF Passport Agency is at 95 Hawthorne Street, 5th Floor, San Francisco, CA 94105. Appointment required.",stale_fact,dev,unambiguous,none,90,False,1,San Francisco,CA,Type: passport. Info: address. Subtype: fresh_available. Federal passport agency
gg_f1d0128c,Does the Seattle Passport Agency accept walk-ins?,temporal,As of 2025-12-15: Seattle Passport Agency requires appointments. No walk-ins accepted. Emergency appointments may be available.,stale_fact,dev,unambiguous,none,30,False,1,Seattle,WA,Type: passport. Info: policy. Subtype: fresh_available. All passport agencies require appointments
gg_aa1f7aec,"What are the hours of the Social Security office at 4030 NW 25th St, Miami?",temporal,As of 2025-12-15: Miami SSA office hours are Mon-Fri 9 AM - 4 PM. May close Wednesdays. Verify at ssa.gov/locator.,stale_fact,dev,unambiguous,none,30,False,1,Miami,FL,Type: social_security. Info: hours. Subtype: stale_only. Only stale generic source - should caveat
gg_4c23ecac,What is the national Social Security phone number?,temporal,As of 2025-12-15: National SSA number is 1-800-772-1213 (TTY: 1-800-325-0778). Available Mon-Fri 8 AM - 7 PM local time.,stale_fact,dev,unambiguous,none,365,False,1,National,US,Type: social_security. Info: phone. Subtype: fresh_available. National toll-free number (stable)
gg_3ace92c3,What are the hours of the James A. Farley Post Office in Manhattan?,temporal,As of 2025-12-15: Farley Post Office (421 8th Ave) has extended hours including evenings and weekends. Verify at usps.com.,stale_fact,test,unambiguous,none,30,False,2,New York,NY,"Type: post_office. Info: hours. Subtype: fresh_and_stale. Was 24/7, now has set hours - tests stalen..."
gg_f603691a,What are the hours of the Denver Main Post Office?,temporal,As of 2025-12-15: Denver has multiple post offices. Main downtown location hours are typically Mon-Fri 8 AM - 5:30 PM. Verify at usps.com.,stale_fact,test,unambiguous,none,30,False,1,Denver,CO,Type: post_office. Info: hours. Subtype: fresh_available. Specific downtown location
gg_d5f7a67b,What are the hours of the LA Superior Court Stanley Mosk Courthouse?,temporal,As of 2025-12-15: Stanley Mosk Courthouse hours are Mon-Fri 8:30 AM - 4:30 PM. Some clerk windows close at 3:30. Verify at lacourt.org.,stale_fact,dev,unambiguous,none,30,False,1,Los Angeles,CA,Type: court. Info: hours. Subtype: fresh_available. Main LA courthouse
gg_b192c59c,What is the phone number for the Cook County Daley Center?,temporal,As of 2025-12-15: Daley Center main number is (312) 603-5030. Division-specific numbers vary. Verify at cookcountycourt.org.,stale_fact,dev,unambiguous,none,90,False,1,Chicago,IL,Type: court. Info: phone. Subtype: fresh_available. Main Cook County courthouse
gg_aaf756e9,What are the hours of the NYPL Stephen A. Schwarzman Building?,temporal,"As of 2025-12-15: NYPL Schwarzman Building hours are Mon/Thu-Sat 10 AM - 6 PM, Tue-Wed 10 AM - 8 PM, Sun 1-5 PM. Verify at nypl.org.",stale_fact,dev,unambiguous,none,30,False,1,New York,NY,Type: library. Info: hours. Subtype: fresh_available. Main Branch on 5th Avenue
gg_9309250a,What are the hours of the Harold Washington Library in Chicago?,temporal,"As of 2025-12-15: Harold Washington Library hours are Mon-Thu 9 AM - 9 PM, Fri-Sat 9 AM - 5 PM, Sun 1-5 PM. Verify at chipublib.org.",stale_fact,test,unambiguous,none,30,False,1,Chicago,IL,Type: library. Info: hours. Subtype: fresh_available. Main branch of Chicago Public Library
gg_064f88d7,What time does Central Park close?,temporal,As of 2025-12-15: Central Park is open daily 6 AM - 1 AM. Some facilities have different hours. Verify at centralparknyc.org.,stale_fact,dev,unambiguous,none,30,False,1,New York,NY,Type: park. Info: hours. Subtype: fresh_available. Park itself closes at 1 AM
gg_3ab787a5,What are the hours of Golden Gate Park?,temporal,As of 2025-12-15: Golden Gate Park grounds are open 24/7 to pedestrians. Museums/attractions have separate hours. Verify at sfrecpark.org.,stale_fact,dev,unambiguous,none,30,False,1,San Francisco,CA,"Type: park. Info: hours. Subtype: fresh_available. Park 24/7, facilities vary"
gg_6fb9ec3c,What time does BART start running on weekdays?,temporal,As of 2025-12-15: BART weekday service starts at 5 AM (trains begin running from end-of-line stations). Verify at bart.gov.,stale_fact,dev,unambiguous,none,30,False,2,San Francisco,CA,Type: transit. Info: hours. Subtype: fresh_and_stale. Wikipedia has old hours - tests staleness dete...
gg_fea6903a,What is the base fare for DC Metro rail?,temporal,As of 2025-12-15: DC Metro rail base fare is $2.25 (off-peak). Peak fares higher. Distance-based pricing applies. Verify at wmata.com.,stale_fact,test,unambiguous,none,90,False,1,Washington,DC,Type: transit. Info: fare. Subtype: fresh_available. Fares change periodically
gg_5d7b7972,What is the NYC subway fare?,temporal,As of 2025-12-15: NYC subway/bus fare is $2.90 per ride (OMNY/MetroCard). Verify at mta.info for current pricing.,stale_fact,dev,unambiguous,none,90,False,2,New York,NY,Type: transit. Info: fare. Subtype: fresh_and_stale. Fare increased - tests staleness
gg_42684760,What are the hours of the Seattle permit counter?,temporal,As of 2025-12-15: Seattle SDCI permit counter hours are Mon-Fri 8 AM - 4 PM. Many services available online. Verify at seattle.gov/sdci.,stale_fact,dev,unambiguous,none,30,False,1,Seattle,WA,Type: permits. Info: hours. Subtype: fresh_available. Counter vs online services
gg_3faf7426,What is the fee for a marriage license in NYC?,temporal,As of 2025-12-15: NYC marriage license fee is $35. City Clerk ceremony fee is $25 additional. Verify at cityclerk.nyc.gov.,stale_fact,dev,unambiguous,none,90,False,1,New York,NY,Type: county_clerk. Info: fee. Subtype: fresh_available. Government fees
gg_31c35272,What are the hours of the LA County Health Department main office?,temporal,As of 2025-12-15: LA County Public Health main office hours are Mon-Fri 8 AM - 5 PM. Clinics have varying hours. Verify at publichealth.lacounty.gov.,stale_fact,dev,unambiguous,none,30,False,1,Los Angeles,CA,Type: health. Info: hours. Subtype: fresh_available. Main office vs clinics
gg_4b7917ab,What are the hours of the Austin Permit Center?,temporal,STALE INFO WARNING: Only outdated sources available. Hours may be Mon-Fri 7:45 AM - 4:45 PM based on older data. Verify at austintexas.gov.,stale_fact,dev,unambiguous,none,30,False,1,Austin,TX,Type: permits. Info: hours. Subtype: stale_only. Only stale source - requires caveat
gg_1663a011,What is the phone number for the Phoenix Building Department?,temporal,"STALE INFO WARNING: Based on older source, number may be (602) 262-7811. Verify at phoenix.gov for current contact.",stale_fact,dev,unambiguous,none,90,False,1,Phoenix,AZ,Type: permits. Info: phone. Subtype: stale_only. Only stale source - requires caveat
gg_0b5c33b0,What is the minimum wage in Seattle?,temporal,As of 2025-12-15: Seattle minimum wage is $19.97/hour for large employers (501+ employees). Rates increase Jan 1 annually. Verify at seattle.gov.,stale_fact,test,unambiguous,none,365,False,1,Seattle,WA,Type: labor. Info: rate. Subtype: fresh_available. Changes annually on Jan 1
gg_3647b8ce,What is the minimum wage in California?,temporal,As of 2025-12-15: California minimum wage is $16.00/hour (statewide). Some cities have higher local minimums. Verify at dir.ca.gov.,stale_fact,dev,unambiguous,none,365,False,1,California,CA,Type: labor. Info: rate. Subtype: fresh_available. Statewide rate; cities may be higher
gg_d086eb26,What documents are needed for California Real ID?,temporal,"As of 2025-12-15: CA Real ID requires: 1 proof of identity (birth cert/passport), SSN, 2 proofs of CA residency. Full list at dmv.ca.gov/realid.",stale_fact,test,unambiguous,none,180,False,1,California,CA,Type: dmv. Info: requirements. Subtype: fresh_available. Federal Real ID requirements
gg_f44b8ba3,What are the hours of the Denver Public Library Central Branch?,temporal,"As of 2025-12-15: Denver Central Library hours are Mon-Tue 10 AM - 8 PM, Wed-Fri 10 AM - 6 PM, Sat 9 AM - 5 PM, Sun 1-5 PM. Verify at denverlibrary.org.",stale_fact,test,unambiguous,none,30,False,1,Denver,CO,Type: library. Info: hours. Subtype: fresh_available. Main branch downtown
gg_8427fc40,Is the SF Civic Center DMV open?,poi,CONFLICTING SOURCES: Official CA DMV (Nov 2025) says open. Community source (Aug 2025) says temporarily closed. Verify directly with DMV before visiting.,conflicting_sources,dev,unambiguous,conflicting_sources,30,True,2,San Francisco,CA,Severity: MAJOR. Resolution: VERIFY_REQUIRED. MAJOR conflict - open vs closed affects visit planning
gg_ced56046,What is the address of the Denver Passport Agency?,poi,CONFLICTING ADDRESSES: Official State Dept says 3151 S Vaughn Way. Directory shows 12312 E Cornell Ave. Use official travel.state.gov address.,conflicting_sources,dev,unambiguous,conflicting_sources,30,True,2,Denver,CO,Severity: MAJOR. Resolution: PREFER_OFFICIAL. MAJOR - wrong address wastes trip
gg_189361ab,What is the phone number for the Houston City Hall?,poi,CONFLICTING PHONE NUMBERS: Official houstontx.gov says (713) 837-0311. Directory says 837-0111 (one digit different). Use official number.,conflicting_sources,dev,unambiguous,conflicting_sources,30,True,2,Houston,TX,Severity: MAJOR. Resolution: PREFER_OFFICIAL. MAJOR - one digit off is common typo
gg_fc1c01e9,What is the phone number for the LA County Assessor?,poi,CONFLICTING PHONE NUMBERS: Official assessor.lacounty.gov says (213) 974-3211. Directory says 974-3111. Use official number.,conflicting_sources,test,unambiguous,conflicting_sources,30,True,2,Los Angeles,CA,Severity: MAJOR. Resolution: PREFER_OFFICIAL. MAJOR - phone number typo
gg_85ec8889,What are the hours of the Chicago Art Institute on Monday?,poi,MAJOR CONFLICT: Official artic.edu says open daily 11-5. Community source says closed Monday. Verify directly before visiting.,conflicting_sources,dev,unambiguous,conflicting_sources,30,True,2,Chicago,IL,Severity: MAJOR. Resolution: VERIFY_REQUIRED. MAJOR - open vs closed on specific day
gg_42bbe7ca,What are the hours of the Oakland DMV on Claremont Ave?,poi,CONFLICTING HOURS: Official dmv.ca.gov says opens 8 AM (9 AM Wed). Community source says 9 AM all days. Use official hours.,conflicting_sources,dev,unambiguous,conflicting_sources,30,True,2,Oakland,CA,Severity: MODERATE. Resolution: PREFER_OFFICIAL. MODERATE - 1 hour difference affects arrival time
gg_516bfb94,What are the hours of the San Jose DMV on Alma Ave?,poi,CONFLICTING HOURS: Official dmv.ca.gov says closes 5 PM. Reviews say closes 4 PM. Use official hours.,conflicting_sources,test,unambiguous,conflicting_sources,30,True,2,San Jose,CA,Severity: MODERATE. Resolution: PREFER_OFFICIAL. MODERATE - 1 hour closing time difference
gg_9bed9486,What time does the Chicago Cultural Center close?,poi,CONFLICTING HOURS: Official chicago.gov says closes 5 PM daily. Community source says 7 PM Mon-Thu. Verify with official source.,conflicting_sources,dev,unambiguous,conflicting_sources,30,True,2,Chicago,IL,Severity: MODERATE. Resolution: PREFER_OFFICIAL. MODERATE - weekday evening hours differ
gg_9af90def,What time does the NYC Parks permit office open?,poi,CONFLICTING HOURS: Official nycgovparks.org says 9 AM. Reviews say 8 AM. Use official 9 AM opening time.,conflicting_sources,test,unambiguous,conflicting_sources,30,True,2,New York,NY,Severity: MODERATE. Resolution: PREFER_OFFICIAL. MODERATE - 1 hour opening difference
gg_82987f3a,What are the hours of the Boston Public Library Copley Branch?,poi,CONFLICTING HOURS: Official bpl.org says Mon-Thu until 9 PM. Community source says 5 PM all days. Use official hours.,conflicting_sources,test,unambiguous,conflicting_sources,30,True,2,Boston,MA,Severity: MODERATE. Resolution: PREFER_OFFICIAL. MODERATE - evening hours missing in community sourc...
gg_948b2879,What time is the last MARTA train from the airport?,poi,"Last MARTA train from Airport is 12:48 AM (official schedule). Some sources show ~1:00 AM (12 min difference, likely rounding).",conflicting_sources,dev,unambiguous,conflicting_sources,30,False,2,Atlanta,GA,"Severity: MINOR. Resolution: PREFER_OFFICIAL. MINOR - 12 minute difference, likely rounding"
gg_ea456cb5,What time does the SF Muni Metro start on Sunday?,poi,Muni Metro Sunday service starts at 8 AM (official SFMTA). Some sources show 7 AM. Use official schedule.,conflicting_sources,dev,unambiguous,conflicting_sources,30,False,2,San Francisco,CA,Severity: MODERATE. Resolution: PREFER_OFFICIAL. Can answer with official time + note discrepancy
gg_0400e4d1,What is the parking fee at the Portland Zoo?,poi,"Oregon Zoo parking is $8 (official, 2025). Older reviews show $6. Fee increased. Bring $8.",conflicting_sources,dev,unambiguous,conflicting_sources,30,False,2,Portland,OR,"Severity: MINOR. Resolution: PREFER_OFFICIAL. MINOR - fee increased, use current official rate"
gg_e58fcb2d,What is the entrance fee for Yosemite National Park?,poi,"Yosemite entrance fee is $35 per vehicle (official NPS, 2025). Older sources show $30. Fee increased.",conflicting_sources,test,unambiguous,conflicting_sources,30,False,2,Yosemite,CA,"Severity: MINOR. Resolution: PREFER_OFFICIAL. MINOR - $5 increase, use current rate"
gg_032ecee4,What is the admission fee for the Empire State Building?,poi,"Empire State Building 86th floor starts at $44 (official, 2025). Some sources show $42. Price increased.",conflicting_sources,test,unambiguous,conflicting_sources,30,False,2,New York,NY,Severity: MINOR. Resolution: PREFER_OFFICIAL. MINOR - small price increase
gg_be8c6aeb,What is the fee for a parking permit in San Francisco?,poi,"SF Residential Parking Permit is $156/year (official SFMTA, 2025). Older posts show $144. Fee increased.",conflicting_sources,dev,unambiguous,conflicting_sources,30,False,2,San Francisco,CA,Severity: MINOR. Resolution: PREFER_OFFICIAL. MINOR - annual fee increase
gg_f2226052,What is the fare for the Portland MAX light rail?,poi,"TriMet MAX fare is $2.80 (official, 2025). Older sources show $2.50. Fare increased.",conflicting_sources,dev,unambiguous,conflicting_sources,30,False,2,Portland,OR,Severity: MINOR. Resolution: PREFER_OFFICIAL. MINOR - 30 cent increase
gg_d6993cd4,Does the Seattle passport office offer same-day service?,poi,CONFLICTING INFO: Official State Dept says same-day for emergencies only. Forum post (2023) claims walk-in worked. Policy may have changed. Use official current policy.,conflicting_sources,dev,unambiguous,conflicting_sources,30,True,2,Seattle,WA,"Severity: MODERATE. Resolution: PREFER_OFFICIAL. MODERATE - policy change, official is authoritative"
gg_cf2dddaa,Does the Austin library require a library card for wifi?,poi,Official APL policy: no library card needed for basic WiFi. Some users report needing card at specific branches. May vary by location.,conflicting_sources,dev,unambiguous,conflicting_sources,30,False,2,Austin,TX,Severity: MINOR. Resolution: CLARIFY_SCOPE. MINOR - branch variation possible
gg_7880ea4e,Is the Philadelphia Museum of Art free on Sundays?,poi,CONFLICTING INFO: Official site says pay-what-you-wish on FIRST Sunday only. Review claims every Sunday. Use official policy: first Sunday only.,conflicting_sources,test,unambiguous,conflicting_sources,30,True,2,Philadelphia,PA,Severity: MODERATE. Resolution: PREFER_OFFICIAL. MODERATE - partial vs full free Sunday
gg_ad601aeb,Can you pay cash at Denver parking meters?,poi,Denver meters: cards/app accepted everywhere. Coins at select meters only (official). Bring card to be safe.,conflicting_sources,dev,unambiguous,conflicting_sources,30,False,2,Denver,CO,Severity: MINOR. Resolution: CLARIFY_SCOPE. MINOR - transitioning payment methods
gg_d86089c5,Is there free parking at the Seattle Central Library?,poi,CONFLICTING INFO: Official SPL says no on-site parking. Old review claims free underground. Situation may have changed. Use transit or nearby paid parking.,conflicting_sources,dev,unambiguous,conflicting_sources,30,True,2,Seattle,WA,Severity: MODERATE. Resolution: PREFER_OFFICIAL. MODERATE - parking may have changed
gg_fdef8907,What is the pet policy at Denver parks?,poi,Official Denver policy: leash required except designated dog parks. Some sources suggest informal early morning tolerance. Follow official leash rules.,conflicting_sources,test,unambiguous,conflicting_sources,30,False,2,Denver,CO,Severity: MODERATE. Resolution: PREFER_OFFICIAL. Informal vs official policy
gg_53fdd8a5,What county is Rancho Palos Verdes in?,poi,Rancho Palos Verdes is in Los Angeles County. Both sources agree. (Historical 'South Bay County' proposal was never implemented.),conflicting_sources,dev,unambiguous,none,30,False,2,Rancho Palos Verdes,CA,"Severity: NONE. Resolution: NO_CONFLICT. FALSE POSITIVE - sources agree, historical note is just con..."
gg_ded740e7,Is the San Diego Zoo Safari Park the same as San Diego Zoo?,poi,CLARIFICATION: San Diego Zoo and Safari Park are TWO SEPARATE facilities 35 miles apart. Zoo is in Balboa Park. Safari Park is in Escondido. Different tickets.,conflicting_sources,dev,unambiguous,none,30,False,2,San Diego,CA,Severity: NONE. Resolution: CLARIFY_SCOPE. NOT A CONFLICT - one source is simply incorrect/confused
gg_95446b1d,What is the sales tax rate in Los Angeles?,poi,"LA sales tax: base rate is 9.5%, but specific districts may add taxes up to 10.25% total. Both sources are correct - actual rate depends on exact location.",conflicting_sources,dev,unambiguous,none,30,False,2,Los Angeles,CA,"Severity: NONE. Resolution: CLARIFY_SCOPE. SCOPE DIFFERENCE - both correct, district variation expla..."
gg_a0f79343,Is there a fee to visit the Lincoln Memorial?,poi,"Lincoln Memorial admission is FREE (NPS). Paid tours ($29+) are optional third-party services, not required to visit.",conflicting_sources,dev,unambiguous,none,30,False,2,Washington,DC,Severity: NONE. Resolution: CLARIFY_SCOPE. SCOPE DIFFERENCE - free admission vs optional paid tours
gg_894d387a,What is the admission price for the Statue of Liberty?,poi,Statue of Liberty entry is FREE. Required ferry is $24.50 (official). Crown/pedestal access costs extra. Third-party packages vary ($19-93).,conflicting_sources,test,unambiguous,none,30,False,2,New York,NY,"Severity: NONE. Resolution: CLARIFY_SCOPE. SCOPE DIFFERENCE - different ticket tiers, not a conflict"
gg_367d13ae,What time does the DC Metro close on weeknights?,poi,DC Metro runs until midnight weeknights (official WMATA). Wikipedia shows older 11:30 PM. Use official schedule.,conflicting_sources,dev,unambiguous,conflicting_sources,30,False,2,Washington,DC,"Severity: MINOR. Resolution: PREFER_OFFICIAL. MINOR - 30 min difference, Wikipedia outdated"
gg_354769ec,What county is Milford in?,place_disambiguation,"NEEDS CLARIFICATION: 'Milford' has 16 matches in GNIS. Which Milford? Please specify state (e.g., CT, MA, OH, NH, DE).",ambiguous_name,dev,needs_clarification,none,,True,1,Milford,,Multiple New England towns
gg_6fe17eb3,What is Ashland known for?,place_disambiguation,"NEEDS CLARIFICATION: 'Ashland' has 18 matches in GNIS. Which Ashland? OR (Shakespeare Festival), KY, OH, VA, or WI?",ambiguous_name,dev,needs_clarification,none,,True,1,Ashland,,Oregon Ashland famous for Shakespeare Festival
gg_50129983,What state is Concord in?,place_disambiguation,"NEEDS CLARIFICATION: 'Concord' has 17 matches in GNIS. Which Concord? NH (state capital), CA, MA (Revolutionary War), NC, or VT?",ambiguous_name,dev,needs_clarification,none,,True,1,Concord,,NH capital; MA historical site
gg_ecf98145,"What district is Birmingham, AL (33.5207, -86.8025) in?",jurisdiction,"INTENT UNDERSPECIFIED. Which type of district? (congressional, state senate, state house, city council, school) Stable facts: county=Jefferson County, city=Birmingham, status=incorporated.",overlapping_jurisdiction,dev,multi_valid,none,,False,2,Birmingham,,Subtype: which_district. Alabama's largest city
gg_8f2d7fb5,"What county is Tulsa (36.1540, -95.9928) in?",jurisdiction,"INTENT UNDERSPECIFIED. Tulsa spans 4 counties. This coordinate is in Tulsa County, but parts of the city are in Osage, Rogers, and Wagoner Counties. Stable facts: county=Tulsa County, city=Tulsa, stat...",overlapping_jurisdiction,dev,multi_valid,none,,False,2,Tulsa,,Subtype: multi_county. City spans 4 counties
gg_8c8a2efe,"What district handles water service at (41.4993, -81.6944)?",jurisdiction,"INTENT UNDERSPECIFIED. Cleveland water is managed by Cleveland Water (city utility) which also serves suburban communities. Regional system. Stable facts: county=Cuyahoga County, city=Cleveland, statu...",overlapping_jurisdiction,dev,multi_valid,none,,False,2,Cleveland,,Subtype: which_authority. Regional water utility
gg_cbbbee08,"What district is Milwaukee (43.0389, -87.9065) in?",jurisdiction,"INTENT UNDERSPECIFIED. Which type of district? (congressional, state senate, state assembly, city aldermanic, school) Stable facts: county=Milwaukee County, city=Milwaukee, status=incorporated.",overlapping_jurisdiction,dev,multi_valid,none,,False,2,Milwaukee,,Subtype: which_district. Wisconsin's largest city
gg_977e2ac6,What are the hours of the Phoenix Public Library Burton Barr Central?,temporal,"As of 2025-12-15: Burton Barr Central Library hours are Mon-Thu 9 AM - 9 PM, Fri-Sat 9 AM - 5 PM, Sun 1-5 PM. Verify at phoenixpubliclibrary.org.",stale_fact,dev,unambiguous,none,30,False,1,Phoenix,AZ,Type: library. Info: hours. Subtype: fresh_available. Main Phoenix library
gg_27169eb1,What is the phone number for San Diego City Hall?,temporal,As of 2025-12-15: San Diego City Hall main number is (619) 236-5555. Verify at sandiego.gov.,stale_fact,dev,unambiguous,none,90,False,1,San Diego,CA,Type: city_hall. Info: phone. Subtype: fresh_available. Main city contact
gg_3916a1dc,What are the hours of the Philadelphia Free Library Central Branch?,temporal,"As of 2025-12-15: Philadelphia Free Library Parkway Central hours are Mon-Fri 9 AM - 9 PM, Sat 9 AM - 5 PM, Sun 1-5 PM. Verify at freelibrary.org.",stale_fact,dev,unambiguous,none,30,False,1,Philadelphia,PA,Type: library. Info: hours. Subtype: fresh_available. Main Philadelphia library
gg_4ce6fcee,What is the fee for a dog license in Denver?,temporal,As of 2025-12-15: Denver dog license fee varies: $15-25 (altered) to $25-50 (unaltered) depending on duration. Verify at denvergov.org.,stale_fact,dev,unambiguous,none,90,False,1,Denver,CO,Type: permits. Info: fee. Subtype: fresh_available. Fee varies by animal status
gg_77594661,What time does the Atlanta MARTA start on weekends?,temporal,"As of 2025-12-15: MARTA weekend service starts at 5 AM Saturday, 6 AM Sunday. Verify at itsmarta.com.",stale_fact,dev,unambiguous,none,30,False,1,Atlanta,GA,Type: transit. Info: hours. Subtype: fresh_available. Weekend transit hours
gg_bf77e612,What are the hours of the Miami-Dade County Clerk main office?,temporal,As of 2025-12-15: Miami-Dade County Clerk main office hours are Mon-Fri 8 AM - 4 PM. Verify at miami-dadeclerk.com.,stale_fact,dev,unambiguous,none,30,False,1,Miami,FL,Type: county_clerk. Info: hours. Subtype: fresh_available. Main clerk office
gg_b65aaca6,What is the minimum wage in New York City?,temporal,As of 2025-12-15: NYC minimum wage is $16.00/hour for all employers. Rates increase annually. Verify at labor.ny.gov.,stale_fact,dev,unambiguous,none,365,False,1,New York,NY,Type: labor. Info: rate. Subtype: fresh_available. NYC rate (higher than state)
gg_0697957b,What are the hours of the Phoenix Zoo?,poi,"Phoenix Zoo has SEASONAL hours: 9 AM - 5 PM (Oct-May), early morning 7 AM - 2 PM (summer). Community sources may show only winter hours.",conflicting_sources,dev,unambiguous,conflicting_sources,30,False,2,Phoenix,AZ,Severity: MINOR. Resolution: PREFER_OFFICIAL. MINOR - seasonal hours not reflected
gg_0ff40f7b,Is the Denver Art Museum free on Saturdays?,poi,CONFLICTING INFO: Official site says free FIRST Saturday only (CO residents). Reviews claim every Saturday. Use official policy.,conflicting_sources,dev,unambiguous,conflicting_sources,30,True,2,Denver,CO,Severity: MODERATE. Resolution: PREFER_OFFICIAL. MODERATE - first Saturday vs every Saturday
gg_af944a7b,What time does the Houston Metro Rail start?,poi,Houston METRORail starts at 4:30 AM weekdays (official). Some sources show ~5 AM. Use official schedule.,conflicting_sources,dev,unambiguous,conflicting_sources,30,False,2,Houston,TX,Severity: MINOR. Resolution: PREFER_OFFICIAL. MINOR - 30 min difference
gg_4fe10f3e,What is the parking fee at the San Diego Zoo?,poi,San Diego Zoo parking is FREE (official). Reviews mentioning fees may refer to Safari Park (different location) or nearby paid lots.,conflicting_sources,dev,unambiguous,conflicting_sources,30,False,2,San Diego,CA,Severity: MINOR. Resolution: PREFER_OFFICIAL. SCOPE - confusion with Safari Park or street parking
gg_e60b182d,What are the hours of the Miami Metro (Metrorail)?,poi,Miami Metrorail runs 5 AM - midnight (official). Some sources show 6 AM - 11 PM. Use official schedule.,conflicting_sources,dev,unambiguous,conflicting_sources,30,False,2,Miami,FL,Severity: MINOR. Resolution: PREFER_OFFICIAL. MINOR - 1 hour difference on each end
gg_c1103d06,What is the admission fee for the Getty Center?,poi,"Getty Center admission is FREE. The $20 some sources mention is for PARKING, not admission.",conflicting_sources,dev,unambiguous,none,30,False,2,Los Angeles,CA,Severity: NONE. Resolution: CLARIFY_SCOPE. SCOPE - admission vs parking confusion
gg_23dbd10a,What time does the Cleveland RTA start?,poi,Cleveland RTA starts at 4:00 AM weekdays (official). Some sources show ~5 AM. Use official schedule.,conflicting_sources,dev,unambiguous,conflicting_sources,30,False,2,Cleveland,OH,Severity: MINOR. Resolution: PREFER_OFFICIAL. MINOR - 1 hour difference
gg_d859807c,What is the address of the Atlanta Passport Agency?,poi,CONFLICTING ADDRESSES: Official State Dept says 600 MLK Jr Drive. Directory shows 229 Peachtree St. Use official travel.state.gov address.,conflicting_sources,dev,unambiguous,conflicting_sources,30,True,2,Atlanta,GA,Severity: MAJOR. Resolution: PREFER_OFFICIAL. MAJOR - completely different addresses
gg_f677ea0d,Is the Minneapolis Institute of Art free?,poi,Minneapolis Institute of Art general admission is FREE. Special exhibitions may have separate fees ($15+).,conflicting_sources,dev,unambiguous,none,30,False,2,Minneapolis,MN,Severity: NONE. Resolution: CLARIFY_SCOPE. SCOPE - general admission vs special exhibits
gg_c423c953,What are the hours of the Pittsburgh Carnegie Library main branch?,poi,CONFLICTING HOURS: Official site says Mon-Thu until 8 PM. Community source says 5 PM daily. Use official hours.,conflicting_sources,dev,unambiguous,conflicting_sources,30,True,2,Pittsburgh,PA,Severity: MODERATE. Resolution: PREFER_OFFICIAL. MODERATE - evening hours differ
gg_d0bb47d6,What is the fare for the Dallas DART light rail?,poi,"DART light rail fare is $2.50 (official, 2025). Older sources show $2.00. Fare increased.",conflicting_sources,dev,unambiguous,conflicting_sources,30,False,2,Dallas,TX,Severity: MINOR. Resolution: PREFER_OFFICIAL. MINOR - 50 cent increase
